{
  "name": "Server Cluster Dev Container",
  "dockerComposeFile": [
    "../docker-compose.yml",
    "../docker-compose.dev.yml"
  ],
  "service": "backend",
  "workspaceFolder": "/workspace/server-cluster",
  "customizations": {
    "vscode": {
      "settings": {
        "workbench.colorCustomizations": {
          "titleBar.activeBackground": "#2b3a55",
          "titleBar.activeForeground": "#ffffff",
          "activityBar.background": "#2b3a55",
          "activityBar.foreground": "#ffffff",
          "statusBar.background": "#2b3a55",
          "statusBar.foreground": "#ffffff"
        }
      },
      "extensions": [
        "ms-python.python",
        "ms-python.vscode-pylance"
      ]
    }
  }
}
