{
  "name": "Frontend Dev Container",
  "dockerComposeFile": [
    "../../docker-compose.yml",
    "../../docker-compose.dev.yml"
  ],
  "service": "frontend",
  "workspaceFolder": "/workspace/server-cluster/frontend",
  "customizations": {
    "vscode": {
      "settings": {
        "workbench.colorCustomizations": {
          "titleBar.activeBackground": "#2d5a27",
          "titleBar.activeForeground": "#ffffff",
          "activityBar.background": "#2d5a27",
          "activityBar.foreground": "#ffffff",
          "statusBar.background": "#2d5a27",
          "statusBar.foreground": "#ffffff"
        }
      },
      "extensions": [
        "dbaeumer.vscode-eslint",
        "esbenp.prettier-vscode"
      ]
    }
  }
}
